"language","iso","name"
"english","ABW","Aruba"
"english","ABW","Aruba (the Netherlands with respect to)"
"english","ABW","Aruba, Kingdom of the Netherlands"
"english","AFG","Afghanistan"
"english","AFG","Afghanistan, Islamic Republic of"
"english","AFG","Afghanistan, Islamic State of"
"english","AFG","Afghanistan, Islamic Rep. of"
"english","AGO","Angola"
"english","AIA","Anguilla"
"english","AIA","Anguilla, United Kingdom-British Overseas Territory"
"english","AIA","British Anguilla"
"english","ALA","Aaland Islands"
"english","ALA","Aland Islands"
"english","ALA","Åland Islands"
"english","ALB","Albania"
"english","AND","Andorra"
"english","AND","Principality of Andorra"
"english","ANT","Antilles (NL)"
"english","ANT","Neth Antilles"
"english","ANT","Neth. Antilles"
"english","ANT","Neth. Antilles and Aruba"
"english","ANT","Netherlands Antilles"
"english","ANT","Netherlands Antilles (through Apr 2011)"
"english","ARE","U Arab Emirates"
"english","ARE","UAE"
"english","ARE","United Arab Emir."
"english","ARE","United Arab Emirates"
"english","ARE","Utd Arab Em"
"english","ARG","Argentina"
"english","ARM","Armenia"
"english","ARM","Armenia, Republic of"
"english","ARM","Armenia, Rep. of"
"english","ASM","American Samoa"
"english","ASM","American Samoa (U.S.)"
"english","ASM","American Somoa"
"english","ATA","Antarctica"
"english","ATF","Fr. So. Ant. Tr."
"english","ATF","Fr. South Antarctic Terr."
"english","ATF","French Southern and Antarctic Lands"
"english","ATF","French Southern Territories"
"english","ATG","Antigua"
"english","ATG","Antigua & Barbuda"
"english","ATG","Antigua and Barbuda"
"english","ATG","Antigua Barbuda"
"english","ATG","Antigua Barbu"
"english","AUS","Australia"
"english","AUT","Austria"
"english","AZE","Azerbaidjan"
"english","AZE","Azerbaijan"
"english","AZE","Azerbaijan, Republic of"
"english","AZE","Azerbaijan, Rep. of"
"english","BDI","Burundi"
"english","BEL","Belgium"
"english","BEL","Belguim"
"english","BEN","Benin"
"english","BES","BES Islands"
"english","BES","Bonaire"
"english","BES","Bonaire, Sint Eustatius and Saba"
"english","BES","Bonaire; St. Eustatius and Saba"
"english","BES","Bonaire, St. Eust, Saba (BES)"
"english","BES","Caribbean Netherlands"
"english","BES","Saba"
"english","BES","Saint Eustatius"
"english","BES","Sint Eustatius"
"english","BFA","Burkina"
"english","BFA","Burkina Faso"
"english","BGD","Bangladesh"
"english","BGR","Bulgaria"
"english","BHR","Bahrain"
"english","BHR","Bahrain, Kingdom of"
"english","BHS","Bahamas"
"english","BHS","Bahamas,  The"
"english","BHS","Bahamas, The"
"english","BHS","Commonwealth of the Bahamas"
"english","BHS","The Bahamas"
"english","BIH","Bosnia"
"english","BIH","Bosnia Herceg"
"english","BIH","Bosnia-Hercegovina"
"english","BIH","Bosnia-Herz"
"english","BIH","Bosnia-Herzegovina"
"english","BIH","Bosnia & Herzegovina"
"english","BIH","Bosnia and Herz."
"english","BIH","Bosnia and Hercegovina"
"english","BIH","Bosnia and Herzegovina"
"english","BIH","Bosnia Herzegovina"
"english","BLM","Saint-Barthélemy"
"english","BLM","Saint Barthélemy"
"english","BLR","Belarus"
"english","BLR","Belarus, Rep. of"
"english","BLR","Belarus, Republic of"
"english","BLR","Byelarus"
"english","BLR","Byelorussia"
"english","BLZ","Beliz"
"english","BLZ","Belize"
"english","BMU","Bermuda"
"english","BMU","Bermuda Islands"
"english","BMU","Bermudas"
"english","BOL","Bolivia"
"english","BOL","Bolivia (Plurinational State of)"
"english","BOL","Bolivia (Plurinational States of)"
"english","BOL","Bolivia, Plurinational St,"
"english","BOL","Bolivia, Plurinational State of"
"english","BOL","Bolivie"
"english","BOL","Plurinational State of Bolivia"
"english","BOL","the Plurinational State of Bolivia"
"english","BRA","Brazil"
"english","BRB","Barbados"
"english","BRN","Brunei"
"english","BRN","Brunei Darussalam"
"english","BRN","Brunei Darussal"
"english","BTN","Bhutan"
"english","BVT","Bouvet Island"
"english","BWA","Botswana"
"english","CAF","C. African Rep"
"english","CAF","Cen. Afr. Rep."
"english","CAF","Cent Afr Republ"
"english","CAF","Cen. African Rep."
"english","CAF","Cent. Af. Rep."
"english","CAF","Central Afr. Rep."
"english","CAF","Central Africa Rep."
"english","CAF","Central Africa Republic"
"english","CAF","Central African Rep."
"english","CAF","Central African Republic"
"english","CAF","Central African Republic (The)"
"english","CAN","Canada"
"english","CCK","Cocos (Keeling) Islands"
"english","CCK","Cocos (Keeling) Islands (The)"
"english","CCK","Cocos Isds"
"english","CCK","Cocos (Keeling) Islands (AU)"
"english","CHE","Switzerland"
"english","CHL","Chile"
"english","CHN","China"
"english","CHN","P R China"
"english","CHN","China, excluding Hong Kong and Taiwan"
"english","CHN","China, P.R.: Mainland"
"english","CHN","China, People's Republic"
"english","CHN","China, People's Republic of"
"english","CHN","Mainland China"
"english","CHN","People's R China"
"english","CHN","People's Republic of China"
"english","CHN","The Association for Relations Across the Taiwan Straits (China)"
"english","CHN","The mainland of China"
"english","CHN","China except Hong Kong"
"english","CHN","China, Mainland"
"english","CIV","Cote d'Ivoire"
"english","CIV","Côte d'Ivoire"
"english","CIV","Cote d'Ivoire (Ivory Coast)"
"english","CIV","Cote d&#039;Ivoire"
"english","CIV","Cote d&#039;Ivoire (Ivory Coast)"
"english","CIV","Cote dIvoire"
"english","CIV","Cote Ivoire"
"english","CIV","Ivory Coast"
"english","CMR","Cameroon"
"english","CMR","Cameroon (Republic of)"
"english","CMR","Cameroun"
"english","COD","Congo (Democratic Republic of the)"
"english","COD","Congo (Democratic Republic of)"
"english","COD","Congo (DRC)"
"english","COD","Congo (Kinshasa)"
"english","COD","Congo DR"
"english","COD","Congo, Dem. Rep. "
"english","COD","Congo, Dem. Rep. of"
"english","COD","Congo, Dem. Rep. Of"
"english","COD","Congo, Dem. Rep. of the"
"english","COD","Congo, Democratic Republic"
"english","COD","Congo, Democratic Republic of"
"english","COD","Congo, Democratic Republic of the"
"english","COD","Congo, Democratic Republic of the Congo"
"english","COD","Congo, Kinshasa"
"english","COD","Congo, the Democratic Republic of"
"english","COD","Congo, the Democratic Republic of the"
"english","COD","Dem Rep Congo"
"english","COD","Dem. Rep. of the Congo"
"english","COD","Democratic Rep. of the Congo"
"english","COD","Democratic Republic Congo"
"english","COD","Democratic Republic of Congo"
"english","COD","Democratic Republic of the Congo"
"english","COD","DR Congo"
"english","COD","DRC"
"english","COD","Zaire"
"english","COD","Zaire (Congo Kinshasa)"
"english","COD","DR Congo (Zaire)"
"english","COG","Congo"
"english","COG","Congo-Brazzaville"
"english","COG","Congo (Brazzaville)"
"english","COG","Congo (Rep. of the)"
"english","COG","Congo Rep."
"english","COG","Congo Republic"
"english","COG","Congo, Brazzaville"
"english","COG","Congo, People's Republic"
"english","COG","Congo, Rep"
"english","COG","Congo, Rep."
"english","COG","Congo, Republic of"
"english","COG","Congo, Republic of the"
"english","COG","R. Congo"
"english","COG","Rep Congo"
"english","COG","Rep of Congo"
"english","COG","Republic of Congo"
"english","COG","Republic of the Congo"
"english","COK","Cook Isds"
"english","COK","Cook Islands"
"english","COL","Colombia"
"english","COM","Comores Islands"
"english","COM","Comoro Is."
"english","COM","Comoro Islands"
"english","COM","Comoros"
"english","COM","Comoros Islands"
"english","COM","Comoros, Union of the"
"english","CPV","C Verde Is"
"english","CPV","Cabo Verde"
"english","CPV","Cape Verde"
"english","CPV","Cape Verde Islands"
"english","CRI","Costa Rica"
"english","CSK","Czechoslovakia"
"english","CSK","Czechoslovakia (former)"
"english","CUB","Cuba"
"english","CUW","Curacao"
"english","CUW","Curaçao"
"english","CUW","Curaçao, Kingdom of the Netherlands"
"english","CUW","Curasao"
"english","CXR","Christmas Island"
"english","CYM","Caiman Islands"
"english","CYM","Cayman Isds"
"english","CYM","Cayman Island"
"english","CYM","Cayman Islands"
"english","CYM","Cayman Islands (The"
"english","CYP","Cyprus"
"english","CZE","Czech"
"english","CZE","Czech Rep"
"english","CZE","Czech Rep."
"english","CZE","Czech Republic"
"english","CZE","Czechia"
"english","CZE","the Czech Republic"
"english","DDR","East Germany"
"english","DDR","German Democratic Republic"
"english","DDR","German Democratic Republic (East)"
"english","DDR","Germany (East)"
"english","DDR","Germany, Democratic Republic"
"english","DDR","Germany, Democratic Republic of"
"english","DEU","Fmr Fed. Rep. of Germany"
"english","DEU","FRG/Germany"
"english","DEU","German Federal Republic"
"english","DEU","Germany"
"english","DEU","Germany (until 1990 former territory of the FRG)"
"english","DEU","germany,federal republic of"
"english","DEU","German"
"english","DJI","Djibouti"
"english","DMA","Dominica"
"english","DMA","Dominique"
"english","DNK","Denmark"
"english","DNK","Danmark"
"english","DOM","Dom. Rep."
"english","DOM","Dominica Rep."
"english","DOM","Dominican Rep"
"english","DOM","Dominican Rep."
"english","DOM","Dominican Republic"
"english","DZA","Algeria"
"english","ECU","Ecuador"
"english","EGY","Egypt"
"english","EGY","Egypt, Arab Rep"
"english","EGY","Egypt, Arab Rep."
"english","EGY","Egypt, Arab Republic"
"english","EGY","Egypt, Arab Republic of"
"english","ERI","Eritrea"
"english","ERI","Eritrea, The State of"
"english","ERI","Erythrea"
"english","ESH","Sahrawi Arab Democratic Republic"
"english","ESH","Western Sahara"
"english","ESP","Spain"
"english","ESP","Spanish"
"english","EST","Estonia"
"english","EST","Estonia, Republic of"
"english","ETH","Ethiopia"
"english","ETH","Ethiopia, The Federal Democratic Republic of"
"english","ETH","Ethiopia, The Federal Dem. Rep. of"
"english","ETH","Ethiopia (...1991)"
"english","ETH","Fmr Ethiopia"
"english","FIN","Finland"
"english","FJI","Fiji"
"english","FJI","Fiji, Republic of"
"english","FJI","Fiji Islands"
"english","FLK","Falkland (Malvinas) Is."
"english","FLK","Falkland Is"
"english","FLK","Falkland Island"
"english","FLK","Falkland Is. (Malvinas)"
"english","FLK","Falkland Isds (Malvinas)"
"english","FLK","Falkland Islands"
"english","FLK","Falkland Islands (Islas Malvinas)"
"english","FLK","Falkland Islands (Malvinas)"
"english","FLK","Falkland Islands (The) [Malvinas]"
"english","FLK","Falkland Islands, Malvinas"
"english","FLK","Islas Malvinas"
"english","FRA","France"
"english","FRO","Faroes"
"english","FRO","Faeroe Isds"
"english","FRO","Faeroe Islands"
"english","FRO","Faroe Islands"
"english","FSM","Fed. States of Micronesia"
"english","FSM","Federated States of Micronesia"
"english","FSM","FS Micronesia"
"english","FSM","Micronesia"
"english","FSM","Micronesia (Fed. States of)"
"english","FSM","Micronesia (Federated States of)"
"english","FSM","Micronesia, Fed St."
"english","FSM","Micronesia, Fed Sts"
"english","FSM","Micronesia, Fed. Sts"
"english","FSM","Micronesia, Fed. Sts."
"english","FSM","Micronesia, Federal States of"
"english","FSM","Micronesia, Federated States of"
"english","FSM","Micronesia(Federated Stated of)"
"english","GAB","Gabon"
"english","GBR","Britain"
"english","GBR","England"
"english","GBR","Great Britain"
"english","GBR","Scotland"
"english","GBR","U.K"
"english","GBR","U.K."
"english","GBR","UK"
"english","GBR","United Kindom"
"english","GBR","United Kingdom"
"english","GBR","United Kingdom (Great Britain)"
"english","GBR","United Kingdom of Great Britain and Northern Ireland"
"english","GEO","Georgia"
"english","GEO","Rep of Georgia"
"english","GEO","Republic of Georgia"
"english","GGY","British Guernsey Island"
"english","GGY","Guernsey"
"english","GHA","Ghana"
"english","GIB","Gibraltar"
"english","GIN","Guinea"
"english","GIN","Guinea-Conakry"
"english","GLP","Guadeloupe"
"english","GMB","Gambia"
"english","GMB","Gambia,  The"
"english","GMB","Gambia, The"
"english","GMB","The Gambia"
"english","GNB","Guinea-Bissau"
"english","GNB","Guinea Bissau"
"english","GNQ","Eq. Guinea"
"english","GNQ","Equator Guinea"
"english","GNQ","Equatorial Guinea"
"english","GNQ","Equatorial Guinea, Republic of"
"english","GNQ","Equat Guinea"
"english","GRC","Greece"
"english","GRD","Grenada"
"english","GRD","Grenade"
"english","GRL","Greenland"
"english","GTM","Guatemal"
"english","GTM","Guatemala"
"english","GUF","French Guiana"
"english","GUF","Guiana, French"
"english","GUM","Guam"
"english","GUY","Guyana"
"english","HKG","China Hong Kong"
"english","HKG","China, Hong Kong SAR"
"english","HKG","China, Hong Kong Special Administrative Region"
"english","HKG","China, P.R.: Hong Kong"
"english","HKG","HONG-KONG"
"english","HKG","Hong Kong"
"english","HKG","Hong Kong-China"
"english","HKG","Hong Kong (China)"
"english","HKG","Hong Kong (China), SAR"
"english","HKG","Hong Kong (SAR)"
"english","HKG","Hong Kong China"
"english","HKG","Hong Kong S.A.R. of China"
"english","HKG","Hong Kong SAR"
"english","HKG","Hong Kong SAR (China)"
"english","HKG","Hong Kong SAR China"
"english","HKG","Hong Kong SAR, China"
"english","HKG","Hong Kong,  China"
"english","HKG","Hong Kong, China"
"english","HKG","Hong Kong, China (SAR)"
"english","HKG","Hong Kong, Special Administrative Region of China"
"english","HKG","Hong Kong Special Administrative Region, People's Republic of China"
"english","HKG","HongKong"
"english","HMD","Heard and McDonald Islands"
"english","HMD","Heard Island and McDonald Is."
"english","HMD","Heard Island and McDonald Islands"
"english","HND","Honduras"
"english","HRV","Croatia"
"english","HRV","Croatia, Republic of"
"english","HRV","Yugoslavia/Croatia"
"english","HTI","Haiti"
"english","HTI","Haïti"
"english","HUN","Hungary"
"english","IDN","Indonesia"
"english","IDN","Indonesia (...2002)"
"english","IMN","British Man Island"
"english","IMN","Isel of Man"
"english","IMN","Isle of Man"
"english","IND","India"
"english","IND","India, excl. Sikkim"
"english","IOT","Br. Indian Ocean Terr."
"english","IOT","Brit Ind Ocean"
"english","IOT","British Indian Ocean Ter."
"english","IOT","British Indian Ocean Territories"
"english","IOT","British Indian Ocean Territory"
"english","IOT","British Indian Ocean Territory (The)"
"english","IRL","Ireland"
"english","IRL","Ireland-Rep"
"english","IRL","Republic of Ireland"
"english","IRL","Republic of Ireland (Eire)"
"english","IRN","Iran"
"english","IRN","Iran (I.R.)"
"english","IRN","Iran (Islamic Republic of)"
"english","IRN","Iran Islamic Republic of"
"english","IRN","iran(islamic republic of)"
"english","IRN","Iran, Islamic Rep"
"english","IRN","Iran, Islamic R"
"english","IRN","Iran, Islamic Rep,"
"english","IRN","Iran, Islamic Rep."
"english","IRN","Iran, Islamic Rep. of"
"english","IRN","Iran, Islamic Republic"
"english","IRN","Iran, Islamic Republic of"
"english","IRN","Islamic Republic of Iran"
"english","IRQ","Irak"
"english","IRQ","Iraq"
"english","ISL","Iceland"
"english","ISR","Israel"
"english","ISR","Isral"
"english","ITA","Italy"
"english","JAM","Jamaica"
"english","JAM","Jamaica "
"english","JEY","Jersey"
"english","JOR","Jordan"
"english","JPN","Japan"
"english","KAZ","Kazakhstan"
"english","KAZ","Kazakstan"
"english","KEN","Kenya"
"english","KGZ","Kirghizistan"
"english","KGZ","Kirghizstan"
"english","KGZ","Kirgizstan"
"english","KGZ","Kyrgystan"
"english","KGZ","Kyrgyz Rep"
"english","KGZ","Kyrgyz Republic"
"english","KGZ","Kyrgyzstan"
"english","KHM","Cambodge"
"english","KHM","Cambodia"
"english","KHM","Cambodia (Kampuchea)"
"english","KHM","Kingdom of Cambodia"
"english","KIR","Kiribati"
"english","KIR","Republic of Kiribati"
"english","KNA","Islands of Saint Kitts & Nevis"
"english","KNA","Nevis"
"english","KNA","Saint Kitts & Nevis"
"english","KNA","Saint Kitts and Nevis"
"english","KNA","Saint Kitts, Nevis and Anguilla"
"english","KNA","St Kitt/Nev"
"english","KNA","St Kitts"
"english","KNA","St Kitts&Nevis"
"english","KNA","St. Christopher-Nevis"
"english","KNA","St. Christopher & Nevis"
"english","KNA","St. Kitt & Nevis"
"english","KNA","St. Kitts-Nevis"
"english","KNA","St. Kitts & Nevis"
"english","KNA","St. Kitts and Nevis"
"english","KNA","St Kitts Nevi"
"english","KOR","Korea"
"english","KOR","Korea (Rep. of)"
"english","KOR","Korea (Republic of)"
"english","KOR","Korea (South)"
"english","KOR","Korea Republic of"
"english","KOR","Korea South"
"english","KOR","Korea, Rep"
"english","KOR","Korea, rep,"
"english","KOR","Korea, Rep."
"english","KOR","Korea, Republic"
"english","KOR","Korea, Republic of"
"english","KOR","Korea, Republic of (South Korea)"
"english","KOR","Korea, South"
"english","KOR","korea,republic of"
"english","KOR","Rep. of Korea"
"english","KOR","Republic of Korea"
"english","KOR","S. Korea"
"english","KOR","South Korea"
"english","KWT","Kuwait"
"english","KWT","Kuwait, the State of"
"english","LAO","Lao"
"english","LAO","Lao P.D.R."
"english","LAO","Lao PDR"
"english","LAO","Lao People's Dem. Rep."
"english","LAO","Lao People's Democratic Replublic"
"english","LAO","Lao People's Democratic Republic"
"english","LAO","LAO PEOPLE'S DEMOCRATIC REPUBLIC (THE)"
"english","LAO","Lao, P.D.R."
"english","LAO","Laos"
"english","LAO","Laos, People's Democratic Republic"
"english","LBN","Lebanese Republic"
"english","LBN","Lebanon"
"english","LBR","leberia"
"english","LBR","Liberia"
"english","LBR","Liberia, Republic of"
"english","LBY","Libya"
"english","LBY","Libya, State of"
"english","LBY","Libyan"
"english","LBY","libyan arab jamahiriya"
"english","LBY","Libyan Arab Jamahiriya"
"english","LCA","Saint Lucia"
"english","LCA","Saint. Lucia"
"english","LCA","St Lucia"
"english","LCA","St. Lucia"
"english","LIE","Liechtenstein"
"english","LIE","Liechtstein"
"english","LIE","Liecthenstein"
"english","LIE","Principality of Liechtenstein"
"english","LKA","Sri Lanka"
"english","LKA","SriLanka"
"english","LSO","Lesotho"
"english","LTU","Lithuania"
"english","LTU","Lithuania (Lietuva)"
"english","LUX","Luxembourg"
"english","LUX","Luxemburg"
"english","LVA","Latvia"
"english","MAC","China  /Macao/ "
"english","MAC","China, Macao SAR"
"english","MAC","China, Macao Special Administrative Region"
"english","MAC","China, P.R.: Macao"
"english","MAC","Macao"
"english","MAC","Macao-China"
"english","MAC","Macao (China)"
"english","MAC","Macao (SAR China)"
"english","MAC","Macao China"
"english","MAC","Macao SAR"
"english","MAC","Macao,  China"
"english","MAC","Macao, China"
"english","MAC","Macao, Special Administrative Region of China"
"english","MAC","Macau"
"english","MAC","Macau SAR (China)"
"english","MAC","Macau, China"
"english","MAF","Saint Martin"
"english","MAF","Saint Martin (French part)"
"english","MAF","Saint Martin (French Part)"
"english","MAR","Morocco"
"english","MAR","Morocco / Western Sahara"
"english","MCO","Monaco"
"english","MCO","Monako"
"english","MDA","Moldavia"
"english","MDA","Moldova"
"english","MDA","Moldova (Republic of)"
"english","MDA","Moldova, rep,"
"english","MDA","Moldova, Republic of"
"english","MDA","Rep. of Moldova"
"english","MDA","Republic of Moldova"
"english","MDG","Madagascar"
"english","MDV","Maldive Is."
"english","MDV","Maldives"
"english","MDV","Maldives Islands"
"english","MEX","Mexico"
"english","MHL","Dominion of Melchizedek"
"english","MHL","Karitane Island and Taongi Atoll"
"english","MHL","Marshall Is"
"english","MHL","Marshall Isds"
"english","MHL","Marshall Island"
"english","MHL","Marshall Islands"
"english","MHL","Marshall Islands, Republic of"
"english","MHL","Melchizedek"
"english","MHL","Republic of the Marshall Islands"
"english","MHL","Marshall Islands, Rep. of the"
"english","MKD","Former Yugoslav Republic of Macedonia, the"
"english","MKD","North Macedonia, Republic of"
"english","MKD","FYR Macedonia"
"english","MKD","FYRO Macedonia"
"english","MKD","Macedonia"
"english","MKD","Macedonia (Former Yugoslav Republic of Macedonia)"
"english","MKD","Macedonia (FYROM)"
"english","MKD","Macedonia (The former Yugoslav Republic of)"
"english","MKD","Macedonia FYR"
"english","MKD","Macedonia Rep"
"english","MKD","Macedonia,  FYR"
"english","MKD","Macedonia, FYR"
"english","MKD","Macedonia, North"
"english","MKD","Macedonia, Republic of"
"english","MKD","Macedonia, the Former Yugoslav Republic of"
"english","MKD","North Macedonia"
"english","MKD","Northern Macedonia"
"english","MKD","Republic of Macedonia"
"english","MKD","Republic of North Macedonia"
"english","MKD","Republic of Northern Macedonia"
"english","MKD","T F Y R of Macedonia"
"english","MKD","TFYR Macedonia"
"english","MKD","TFYR of Macedonia"
"english","MKD","The Former Yugoslav Rep. of Macedonia"
"english","MKD","The former Yugoslav Republic of Macedonia"
"english","MKD","The FYR of Macedonia"
"english","MLI","Mali"
"english","MLT","Malta"
"english","MMR","Burma"
"english","MMR","Burma (Myanmar)"
"english","MMR","Myanmar"
"english","MMR","Myanmar (Burma)"
"english","MMR","Myanmar(Burma)"
"english","MNE","Montenegro"
"english","MNE","Montenegro, Republic of"
"english","MNE","Montenegro, Rep. of"
"english","MNG","Mongo"
"english","MNG","Mongolia"
"english","MNP","N. Mariana"
"english","MNP","N. Mariana Isds"
"english","MNP","Northern Mariana Is."
"english","MNP","Northern Mariana Islands"
"english","MNP","Northern Marianas"
"english","MOZ","Mozambique"
"english","MOZ","Mozambique, Rep. of"
"english","MRT","Mauritania"
"english","MSR","Montserrat"
"english","MTQ","Martinique"
"english","MTQ","Martinque"
"english","MUS","Maurice"
"english","MUS","Mauritius"
"english","MUS","Mauritius Islands"
"english","MWI","Malawi"
"english","MYS","Malaysia"
"english","MYS","Malaysua"
"english","MYT","Mayotte"
"english","NAM","Namibia"
"english","NCL","French Territories: New Caledonia"
"english","NCL","new caleddnia"
"english","NCL","New Caledonia"
"english","NER","Niger"
"english","NFK","Norfolk"
"english","NFK","Norfolk Isds"
"english","NFK","Norfolk Island"
"english","NFK","Norfolk Islands"
"english","NGA","Nigeria"
"english","NIC","Nicaragua"
"english","NIU","Niue"
"english","NLD","Holland"
"english","NLD","Neteherlands"
"english","NLD","Netherlands"
"english","NLD","Netherlands, The"
"english","NLD","The Netherlands"
"english","NLD","Kingdom of the Netherlands"
"english","NLD","Netherlands (Kingdom of the)"
"english","NLD","Netherlands (Kingdom of)"
"english","NOR","Norway"
"english","NPL","Nepal"
"english","NPL","Nepal (Republic of)"
"english","NRU","Nauru"
"english","NRU","Nauru, Republic of"
"english","NZL","New Zealand"
"english","NZL","New Zealand "
"english","NZL","NewZealand"
"english","OMN","Oman"
"english","PAK","East and West Pakistan"
"english","PAK","Pakistan"
"english","PAN","Fmr Panama, excl.Canal Zone"
"english","PAN","Panama"
"english","PAN","Panama, excluding Canal Zone"
"english","PCN","Pitcairn"
"english","PCN","Pitcairn Islands"
"english","PER","Peru"
"english","PHL","Philippines"
"english","PHL","Philippines, The"
"english","PHL","the Philippines"
"english","PLW","Palau"
"english","PLW","Palau (Republic of)"
"english","PLW","Palau, Rep. of"
"english","PLW","Palau Island"
"english","PLW","Palau Islands"
"english","PLW","Palau Republic"
"english","PNG","New Guinea"
"english","PNG","P. N. Guinea"
"english","PNG","Papua"
"english","PNG","Papua N Guinea"
"english","PNG","Papua New Gui."
"english","PNG","Papua New Guine"
"english","PNG","Papua New Guinea"
"english","PNG","PNG"
"english","PNG","Popua N. G."
"english","POL","Poland"
"english","PRI","Puerto Rico"
"english","PRI","Puerto Rico (U.S.)"
"english","PRK","D.P.R. Korea"
"english","PRK","Dem. People's Rep. of Korea"
"english","PRK","Dem. People's Republic of Korea"
"english","PRK","Dem. Peoples Rep. of Korea"
"english","PRK","Democratic People's Republic of Korea"
"english","PRK","DPRK "
"english","PRK","Korea (Democratic People's Republic of)"
"english","PRK","Korea (North)"
"english","PRK","Korea Dem. People's Republic of"
"english","PRK","Korea DPR"
"english","PRK","Korea, Dem. People's Rep."
"english","PRK","Korea, Dem. People's Rep. of"
"english","PRK","Korea, Dem. People's Rep. Of"
"english","PRK","Korea, Dem. People's Republic of"
"english","PRK","Korea, Dem. People's Republic of (North Korea)"
"english","PRK","Korea, Dem. Rep"
"english","PRK","Korea, Democratic People's Rep. of"
"english","PRK","Korea, Democratic People's Republic of"
"english","PRK","Korea, Democratic People's Republic Of"
"english","PRK","Korea, North"
"english","PRK","Korean Democratic People's Republic (KDPR)"
"english","PRK","Korean Democratic People's Republic (KPDR)"
"english","PRK","North Korea"
"english","PRT","Portugal"
"english","PRY","Paraguay"
"english","PSE","Gaza/ West Bank"
"english","PSE","Occ. Palestinian Terr."
"english","PSE","Occupied Palestinian Territories"
"english","PSE","Occupied Palestinian Territory"
"english","PSE","Palestine"
"english","PSE","Palestine Stat"
"english","PSE","Palestine (State of)"
"english","PSE","Palestine, Occupied Territories"
"english","PSE","Palestine, State of"
"english","PSE","Palestinian  Territory, Occupied"
"english","PSE","Palestinian Authority"
"english","PSE","Palestinian Autonomous Territories"
"english","PSE","Palestinian ter."
"english","PSE","Palestinian Territories"
"english","PSE","Palestinian Territory"
"english","PSE","State of Palestine"
"english","PSE","West Bank and Gaza"
"english","PSE","West Bank & Gaza"
"english","PSE","West Bank and Gaza Strip"
"english","PYF","Fr Polynesia"
"english","PYF","French Polynesia"
"english","PYF","French Territories: French Polynesia"
"english","PYF","Tahiti"
"english","QAT","Qatar"
"english","REU","Reunion"
"english","REU","Réunion"
"english","ROU","Romania"
"english","ROU","Roumania"
"english","RUS","Rassian Federation"
"english","RUS","Russia"
"english","RUS","Russian Fed"
"english","RUS","Russian Federation"
"english","RUS","The Russian Federation"
"english","RWA","Rwanda"
"english","SAU","Sauda Arabia"
"english","SAU","Saudi Arabia"
"english","SAU","Saudi Arabia, Kingdom of"
"english","SCG","Serbia Monteneg"
"english","SCG","Serbia & Mont."
"english","SCG","Serbia & Montenegro"
"english","SCG","Serbia and Montenegro"
"english","SDN","North Sudan"
"english","SDN","Fmr Sudan"
"english","SDN","SOUDAN"
"english","SDN","Sudan"
"english","SDN","Sudan (...2011)"
"english","SDN","Sudan (before 2012)"
"english","SEN","Senegal"
"english","SGP","Singapore"
"english","SGS","South Georgia and the South Sandwich Islands"
"english","SGS","South Georgia and Sandwich Is."
"english","SHN","Ascension"
"english","SHN","Ascension Isl"
"english","SHN","Ascension Island"
"english","SHN","Saint Helena"
"english","SHN","Saint Helena, Ascension and Tristan da Cunha"
"english","SHN","St. Helena"
"english","SHN","Tristan da Cunh"
"english","SHN","Tristan Cunha"
"english","SHN","Tristan da Cunha"
"english","SJM","Jan Mayen"
"english","SJM","Svalbard"
"english","SJM","Svalbard & Jan Mayen"
"english","SJM","Svalbard & Jan Mayen Isds"
"english","SJM","Svalbard & Jan Mayen Islands"
"english","SJM","Svalbard and Jan Mayen"
"english","SJM","Svalbard and Jan Mayen Islands"
"english","SJM","Svalbard, Jan Mayen Island"
"english","SLB","Salomon Islands"
"english","SLB","Solomon Is"
"english","SLB","Solomon Isds"
"english","SLB","Solomon Islands"
"english","SLE","Sierra Leone"
"english","SLE","Sierre Leone"
"english","SLV","El Salvador"
"english","SLV","Salvador"
"english","SMR","San Marino"
"english","SOM","Somalia"
"english","SOM","Somalla"
"english","SPM","Saint Pierre and Miquelon"
"english","SPM","Saint Pierre et Miquelon"
"english","SPM","Saint Pierre Miquelon"
"english","SPM","St. Pierre"
"english","SPM","St. Pierre & Miquelon"
"english","SPM","St. Pierre and Miquelon"
"english","SRB","Serbia"
"english","SRB","Serbia, Republic of"
"english","SRB","The Republic of Serbia"
"english","SRB","Yugoslavia/Serbia"
"english","SRB","Serbia (Yugoslavia)"
"english","SSD","South Sudan"
"english","STP","S. Tomé"
"english","STP","Sao Tome"
"english","STP","Sao Tome Prin"
"english","STP","Sao Tome and Principe"
"english","STP","Sao Tomé and Principe"
"english","STP","São Tomé and Príncipe"
"english","STP","São Tomé and Príncipe, Dem. Rep. of"
"english","STP","Sao Tome e Principe"
"english","STP","Sao Tomé e Príncipe"
"english","SUN","Soviet Union"
"english","SUN","Union of Soviet Socialist Republics"
"english","SUN","USSR"
"english","SUR","Surinam"
"english","SUR","Suriname"
"english","SVK","Slovak Rep"
"english","SVK","Slovak Republic"
"english","SVK","Slovakia"
"english","SVK","the Slovak Republic"
"english","SVN","Slovenia"
"english","SVN","Yugoslavia/Slovenia"
"english","SVN","Slovenia, Rep of."
"english","SWE","Sweden"
"english","SWZ","Eswatini"
"english","SWZ","Eswatini (Swaziland)"
"english","SWZ","Kingdom of Eswatini"
"english","SWZ","Eswatini, Kingdom of"
"english","SWZ","Swaziland"
"english","SXM","Saint Maarten"
"english","SXM","Sint Maarten"
"english","SXM","Sint Maarten (Dutch part)"
"english","SXM","Sint Maarten (Dutch Part)"
"english","SXM","St. Maarten"
"english","SYC","Seychelles"
"english","SYC","Seychelles Islands"
"english","SYC","Seychellss"
"english","SYR","Syria"
"english","SYR","Syrian"
"english","SYR","Syrian Arab R."
"english","SYR","Syrian Arab Rep."
"english","SYR","Syrian Arab Republic"
"english","TCA","Turks & Caicos Is."
"english","TCA","Turks and Caicos Isds"
"english","TCA","Turks and Caicos Isl."
"english","TCA","Turks and Caicos Islands"
"english","TCA","Turks Islands"
"english","TCA","Turks/Caicos"
"english","TCA","Turks and Caicoas Islands"
"english","TCD","Chad"
"english","TGO","Togo"
"english","THA","Tailand"
"english","THA","Thailand"
"english","TJK","Tadjikistan"
"english","TJK","Tajikistan"
"english","TJK","Tajikistan, Republic of"
"english","TJK","Tajikistan, Rep. of"
"english","TJK","Tajikstan"
"english","TKL","Tokelau"
"english","TKL","Tokelau Islands"
"english","TKM","TRUKMENISTAN"
"english","TKM","TUKMENISTAN"
"english","TKM","Turkmenistan"
"english","TKM","Turkmenistan, Republic of"
"english","TLS","East Timor"
"english","TLS","East Timor (Timor-Leste)"
"english","TLS","Timor- Leste"
"english","TLS","Timor-Leste"
"english","TLS","Timor-Leste, Dem. Rep. of"
"english","TLS","Timor Leste"
"english","TLS","Timor_Leste"
"english","TON","Tonga"
"english","TTO","T&T"
"english","TTO","Trini. and Tob."
"english","TTO","Trinidad"
"english","TTO","Trinid Tobago"
"english","TTO","Trinidad-Tobago"
"english","TTO","Trinidad & Tobago"
"english","TTO","Trinidad and Tob."
"english","TTO","Trinidad and Tobago"
"english","TTO","Trinidad&Tob"
"english","TUN","Tunisia"
"english","TUR","Turkey"
"english","TUR","Türkiye"
"english","TUR","Türkiye, Rep of"
"english","TUV","Tuvalu"
"english","TWN","Asia n.i.e."
"english","TWN","China  /Taiwan/ "
"english","TWN","China, Taiwan Province of"
"english","TWN","China, Taiwan Province of China"
"english","TWN","Chinese Taipei"
"english","TWN","Other Asia, nes"
"english","TWN","Other non-specified areas"
"english","TWN","Taipei, Chinese"
"english","TWN","Taiwan"
"english","TWN","Taiwan ROC"
"english","TWN","Taiwan Republi"
"english","TWN","Taiwan (China)"
"english","TWN","Taiwan (Chinese Taipei)"
"english","TWN","Taipei, China"
"english","TWN","Taiwan Provinc"
"english","TWN","Taiwan Province"
"english","TWN","Taiwan Province of China"
"english","TWN","Taiwan, China"
"english","TWN","Taiwan, Province of China"
"english","TWN","The Straits Exchange Foundation (the Separate Customs Territory of Taiwan, Penghu, Kinmen and Matsu)"
"english","TWN","Taiwan ROC"
"english","TZA","Tanzania"
"english","TZA","Tanzania (United Republic of)"
"english","TZA","Tanzania, United Rep,"
"english","TZA","Tanzania, United Rep. of"
"english","TZA","Tanzania, United Rep. of "
"english","TZA","Tanzania, United Republic of"
"english","TZA","The United Republic of Tanzania"
"english","TZA","United Rep. of Tanzania"
"english","TZA","United Republic of Tanzania"
"english","UGA","Uganda"
"english","UKR","Ukraina"
"english","UKR","Ukraine"
"english","UMI","Palmyra Atoll"
"english","UMI","U.S. Minor Outlying Islands"
"english","UMI","United States Minor Outlying Islands"
"english","UMI","USMI"
"english","UNK","Kosovo"
"english","UNK","Kosovo (Republic of)"
"english","UNK","Kosovo (Republic)"
"english","UNK","Kosovo, Republic of"
"english","UNK","Kosovo, Rep. of"
"english","UNK","Republic of Kosovo"
"english","UNK","UNMIK/Kosovo"
"english","URY","Uruguay"
"english","USA","The United States"
"english","USA","U.S."
"english","USA","U.S.A."
"english","USA","United States"
"english","USA","United States of America"
"english","USA","US"
"english","USA","USA"
"english","USA","USA (before 1981)"
"english","UZB","Usbekistan"
"english","UZB","Uzbekistan"
"english","UZB","Uzbekistan, Republic of"
"english","UZB","Uzbekstan"
"english","VAT","Holy See"
"english","VAT","Holy See (Vatican City State)"
"english","VAT","Vatican City State(Holy See)"
"english","VAT","Vatican"
"english","VAT","Vatican City"
"english","VAT","Vatican City State"
"english","VCT","Grenadines"
"english","VCT","Saint Vincent and the Grenadines"
"english","VCT","St Vincent & The Grenadines"
"english","VCT","Saint Vincent and The Grenadines"
"english","VCT","Saint. Vincent and the Grenadines"
"english","VCT","St Vincent"
"english","VCT","St Vincent & Grenadines"
"english","VCT","St Vincent and the Grenadines"
"english","VCT","St. Vincent & Grenadines"
"english","VCT","St. Vincent and the Gren."
"english","VCT","St. Vincent and the Grena"
"english","VCT","St. Vincent and the Grenadines"
"english","VEN","Bolivarian Republic of Venezuela"
"english","VEN","Bolivarian Rep. of Venezuela"
"english","VEN","the Bolivarian Republic of Venezuela"
"english","VEN","Venezuela, Rep. Bolivariana de"
"english","VEN","Venezuela"
"english","VEN","Venezuela (Bolivarian Republic of)"
"english","VEN","Venezuela, Bolivarian Rep."
"english","VEN","Venezuela, Bolivarian Rep. of"
"english","VEN","Venezuela, Bolivarian Republic"
"english","VEN","Venezuela, Bolivarian Republic of"
"english","VEN","Venezuela, RB"
"english","VEN","Venezuela, Republica Bolivariana de"
"english","VGB","Br. Virgin Isds"
"english","VGB","British Virgin"
"english","VGB","British Virgin Isl"
"english","VGB","British Virgin Islands"
"english","VGB","The British Virgin Islands"
"english","VGB","UK Virgin  Islands "
"english","VGB","Virgin Islands"
"english","VGB","virgin islands (british)"
"english","VGB","Virgin Islands (U.K.)"
"english","VGB","Virgin Islands, British"
"english","VGB","VirginIslands, British"
"english","VIR","U.S. Virgin Islands"
"english","VIR","United States Virgin Islands"
"english","VIR","US Virgin Is"
"english","VIR","US Virgin Isds"
"english","VIR","US Virgin Islands"
"english","VIR","Virgin Islands (U.S.)"
"english","VIR","Virgin Islands, U.S."
"english","VNM","Viet Nam"
"english","VNM","Vietnam"
"english","VUT","Vanatu"
"english","VUT","Vanuatu"
"english","WLF","Wallis and Futuna"
"english","WLF","Wallis and Futuna Isds"
"english","WLF","Wallis and Futuna Islands"
"english","WLF","Vallis and Futuna Islands"
"english","WSM","Samoa"
"english","WSM","Samoan"
"english","WSM","Western Samoa"
"english","YEM","Fmr Arab Rep. of Yemen"
"english","YEM","Republic of Yemen"
"english","YEM","Yeman"
"english","YEM","Yeman Arab R."
"english","YEM","Yemen"
"english","YEM","Yemen, Rep"
"english","YEM","Yemen, Rep."
"english","YEM","Yemen, Republic of"
"english","YUG","Federal Republic of Yugoslavia"
"english","YUG","Socialist Federal Republic of Yugoslavia"
"english","YUG","Yugoslavia"
"english","YUG","Yugoslavia (former)"
"english","YUG","Yugoslavia, Federal Republic of"
"english","YUG","Yugoslavia, Soc. Fed. Rep. of"
"english","ZAF","Rep. of South Africa"
"english","ZAF","Republic of South Africa"
"english","ZAF","S.Africa"
"english","ZAF","So. African Customs Union"
"english","ZAF","South Africa"
"english","ZMB","Zambia"
"english","ZWE","Zimbabwe"
"french","ABW","Aruba"
"french","AFG","Afghanistan"
"french","AFG","l'Afghanistan"
"french","AGO","Angola"
"french","AGO","l'Angola"
"french","AIA","Anguilla"
"french","ALA","Iles Aland"
"french","ALB","Albanie"
"french","ALB","l'Albanie"
"french","AND","Andorre"
"french","AND","l'Andorre"
"french","ANT","Antilles néerlandaises"
"french","ARE","Emirats Arabes Unis"
"french","ARE","Émirats arabes unis"
"french","ARE","les Émirats arabes unis"
"french","ARG","Argentine"
"french","ARG","l'Argentine"
"french","ARM","Arménie"
"french","ARM","l'Arménie"
"french","ASM","Samoa américaines"
"french","ATA","Antarctique"
"french","ATF","Terres australes et antarctiques françaises"
"french","ATG","Antigua-et-Barbuda"
"french","ATG","l'Antigua-et-Barbuda"
"french","AUS","Australie"
"french","AUS","l'Australie"
"french","AUT","Autriche"
"french","AUT","l'Autriche"
"french","AUT","L'Autriche"
"french","AZE","Azerbaïdjan"
"french","AZE","l'Azerbaïdjan"
"french","BDI","Burundi"
"french","BDI","le Burundi"
"french","BEL","Belgique"
"french","BEL","la Belgique"
"french","BEN","Bénin"
"french","BEN","le Bénin"
"french","BES","Bonaire, Saint-Eustache et Saba"
"french","BFA","Burkina"
"french","BFA","Burkina Faso"
"french","BFA","le Burkina"
"french","BGD","Bangladesh"
"french","BGD","le Bangladesh"
"french","BGR","Bulgarie"
"french","BGR","la Bulgarie"
"french","BHR","Bahrein"
"french","BHR","Bahreïn"
"french","BHR","le Bahreïn"
"french","BHS","Bahamas"
"french","BHS","les Bahamas"
"french","BIH","Bosnie-Herzégovine"
"french","BIH","Bosnie Herzégovine"
"french","BIH","la Bosnie-Herzégovine"
"french","BLM","Saint Barthelemy"
"french","BLR","Biélorussie"
"french","BLR","la Biélorussie"
"french","BLZ","Belize"
"french","BLZ","le Belize"
"french","BMU","Bermudes"
"french","BOL","Bolivie"
"french","BOL","Bolivie (État plurinational de)"
"french","BOL","la Bolivie"
"french","BRA","Brésil"
"french","BRA","le Brésil"
"french","BRB","Barbade"
"french","BRB","la Barbade"
"french","BRN","Brunéi"
"french","BRN","Brunei Darussalam"
"french","BRN","le Brunéi"
"french","BTN","Bhoutan"
"french","BTN","le Bhoutan"
"french","BVT","Île Bouvet"
"french","BWA","Botswana"
"french","BWA","le Botswana"
"french","CAF","la République centrafricaine"
"french","CAF","République centrafricaine"
"french","CAN","Canada"
"french","CAN","le Canada"
"french","CCK","Îles Cocos (Keeling)"
"french","CHE","la Suisse"
"french","CHE","Suisse"
"french","CHL","Chili"
"french","CHL","le Chili"
"french","CHN","Chine"
"french","CHN","la Chine"
"french","CIV","Côte d'Ivoire"
"french","CIV","la Côte d'Ivoire"
"french","CMR","Cameroun"
"french","CMR","le Cameroun"
"french","COD","le Zaïre"
"french","COD","République Démocratique du Congo"
"french","COD","Zaïre"
"french","COG","Congo"
"french","COG","le Congo"
"french","COK","Îles Cook"
"french","COK","les Îles Cook"
"french","COL","Colombie"
"french","COL","la Colombie"
"french","COM","Comores"
"french","COM","les Comores"
"french","CPV","Cabo Verde"
"french","CPV","Cap-Vert"
"french","CPV","le Cap-Vert"
"french","CRI","Costa Rica"
"french","CRI","le Costa Rica"
"french","CSK","Tchécoslovaquie"
"french","CUB","Cuba"
"french","CUW","Curacao"
"french","CXR","Île de noël"
"french","CYM","Îles Caïmans"
"french","CYP","Chypre"
"french","CZE","la République tchèque"
"french","CZE","République tchèque"
"french","CZE","Tchéquie"
"french","DDR","République démocratique allemande"
"french","DEU","Allemagne"
"french","DEU","l'Allemagne"
"french","DJI","Djibouti"
"french","DJI","le Djibouti"
"french","DMA","Dominique"
"french","DMA","la Dominique"
"french","DNK","Danemark"
"french","DNK","le Danemark"
"french","DOM","la République dominicaine"
"french","DOM","République dominicaine"
"french","DOM","République Dominicaine"
"french","DZA","Algérie"
"french","DZA","l'Algérie"
"french","ECU","Équateur"
"french","ECU","l'Équateur"
"french","EGY","Egypte"
"french","EGY","Égypte"
"french","EGY","l'Égypte"
"french","ERI","Érythrée"
"french","ERI","l'Érythrée"
"french","ESH","Sahara occidental"
"french","ESP","Espagne"
"french","ESP","l'Espagne"
"french","EST","Estonie"
"french","EST","l'Estonie"
"french","ETH","Ethiopie"
"french","ETH","Éthiopie"
"french","ETH","l'Éthiopie"
"french","FIN","Finlande"
"french","FIN","la Finlande"
"french","FJI","Fidji"
"french","FJI","les Fidji"
"french","FLK","Îles Falkland (Malvinas)"
"french","FRA","France"
"french","FRA","la France"
"french","FRO","Îles Féroé"
"french","FSM","la Micronésie"
"french","FSM","Micronésie"
"french","FSM","Micronésie (États fédérés de)"
"french","GAB","Gabon"
"french","GAB","le Gabon"
"french","GBR","Angleterre"
"french","GBR","Écosse"
"french","GBR","l'Angleterre"
"french","GBR","l'Écosse"
"french","GBR","le Royaume-Uni"
"french","GBR","Royaume-Uni"
"french","GEO","Géorgie"
"french","GEO","la Géorgie"
"french","GGY","Guernesey"
"french","GHA","Ghana"
"french","GHA","le Ghana"
"french","GIB","Gibraltar"
"french","GIN","Guinée"
"french","GIN","la Guinée"
"french","GLP","Guadeloupe"
"french","GMB","Gambie"
"french","GMB","la Gambie"
"french","GNB","Guinée-Bissao"
"french","GNB","Guinée-Bissau"
"french","GNB","la Guinée-Bissao"
"french","GNQ","Guinée équatoriale"
"french","GNQ","Guinée Équatoriale"
"french","GNQ","la Guinée équatoriale"
"french","GRC","Grèce"
"french","GRC","la Grèce"
"french","GRD","Grenade"
"french","GRD","la Grenade"
"french","GRL","Groenland"
"french","GTM","Guatemala"
"french","GTM","le Guatemala"
"french","GUF","Guyane Française"
"french","GUM","Guam"
"french","GUY","Guyana"
"french","GUY","Guyane"
"french","GUY","la Guyana"
"french","HKG","RAS de Hong Kong (Chine)"
"french","HMD","Îles Heard et McDonald"
"french","HND","Honduras"
"french","HND","le Honduras"
"french","HRV","Croatie"
"french","HRV","la Croatie"
"french","HTI","Haïti"
"french","HUN","Hongrie"
"french","HUN","la Hongrie"
"french","IDN","Indonésie"
"french","IDN","l'Indonésie"
"french","IMN","Île de Man"
"french","IND","Inde"
"french","IND","l'Inde"
"french","IOT","Territoire britannique de l'océan Indien"
"french","IRL","Irlande"
"french","IRL","l'Irlande"
"french","IRN","Iran"
"french","IRN","Iran (République islamique d')"
"french","IRN","l'Iran"
"french","IRQ","Irak"
"french","IRQ","l'Irak"
"french","ISL","Islande"
"french","ISL","l'Islande"
"french","ISR","Israël"
"french","ITA","Italie"
"french","ITA","l'Italie"
"french","JAM","Jamaïque"
"french","JAM","la Jamaïque"
"french","JEY","Jersey"
"french","JOR","Jordan"
"french","JOR","Jordanie"
"french","JOR","la Jordanie"
"french","JPN","Japon"
"french","JPN","le Japon"
"french","KAZ","Kazakhstan"
"french","KAZ","le Kazakhstan"
"french","KEN","Kenya"
"french","KEN","le Kenya"
"french","KGZ","Kirghizistan"
"french","KGZ","Kirghizstan"
"french","KGZ","le Kirghizstan"
"french","KHM","Cambodge"
"french","KHM","le Cambodge"
"french","KIR","Kiribati"
"french","KNA","Saint-Christophe-et-Niévès"
"french","KNA","Saint-Kitts-et-Nevis"
"french","KOR","Corée (République de)"
"french","KOR","Corée du Sud"
"french","KOR","la Corée du Sud"
"french","KWT","Koweit"
"french","KWT","Koweït"
"french","KWT","le Koweït"
"french","LAO","Lao (République démocratique populaire)"
"french","LAO","Laos"
"french","LAO","le Laos"
"french","LBN","le Liban"
"french","LBN","Liban"
"french","LBR","le Libéria"
"french","LBR","Libéria"
"french","LBY","la Libye"
"french","LBY","Libye"
"french","LCA","Sainte-Lucie"
"french","LCA","Sainte Lucie"
"french","LIE","le Liechtenstein"
"french","LIE","Liechtenstein"
"french","LKA","le Sri Lanka"
"french","LKA","Sri Lanka"
"french","LSO","le Lesotho"
"french","LSO","Lesotho"
"french","LTU","la Lituanie"
"french","LTU","Lituanie"
"french","LUX","le Luxembourg"
"french","LUX","Luxembourg"
"french","LVA","la Lettonie"
"french","LVA","Lettonie"
"french","MAC","RAS de Macao (Chine)"
"french","MAF","Saint Martin (partie française)"
"french","MAR","le Maroc"
"french","MAR","Maroc"
"french","MCO","Monaco"
"french","MDA","la Moldavie"
"french","MDA","Moldavie"
"french","MDA","Moldova"
"french","MDG","Madagascar"
"french","MDV","les Maldives"
"french","MDV","Maldives"
"french","MEX","le Mexique"
"french","MEX","Mexique"
"french","MHL","Iles Marshall"
"french","MHL","Îles Marshall"
"french","MHL","les Îles Marshall"
"french","MKD","la Macédoine"
"french","MKD","Macédoine"
"french","MKD","Macédoine du Nord"
"french","MLI","le Mali"
"french","MLI","Mali"
"french","MLT","Malte"
"french","MMR","Birmanie"
"french","MMR","la Birmanie"
"french","MMR","Myanmar"
"french","MNE","le Monténégro"
"french","MNE","Monténégro"
"french","MNG","la Mongolie"
"french","MNG","Mongolie"
"french","MNP","Îles Mariannes du Nord"
"french","MOZ","le Mozambique"
"french","MOZ","Mozambique"
"french","MRT","la Mauritanie"
"french","MRT","Mauritanie"
"french","MSR","Montserrat"
"french","MTQ","Martinique"
"french","MUS","Île Maurice"
"french","MUS","Maurice"
"french","MWI","le Malawi"
"french","MWI","Malawi"
"french","MYS","la Malaisie"
"french","MYS","Malaisie"
"french","MYT","Mayotte"
"french","NAM","la Namibie"
"french","NAM","Namibie"
"french","NCL","Nouvelle Calédonie"
"french","NER","le Niger"
"french","NER","Niger"
"french","NFK","Ile de Norfolk"
"french","NGA","le Nigéria"
"french","NGA","Nigeria"
"french","NGA","Nigéria"
"french","NIC","le Nicaragua"
"french","NIC","Nicaragua"
"french","NIU","Nioué"
"french","NIU","Niue"
"french","NLD","les Pays-Bas"
"french","NLD","Pays-Bas"
"french","NOR","la Norvège"
"french","NOR","Norvège"
"french","NPL","le Népal"
"french","NPL","Népal"
"french","NRU","la Nauru"
"french","NRU","Nauru"
"french","NZL","la Nouvelle-Zélande"
"french","NZL","Nouvelle-Zélande"
"french","OMN","l'Oman"
"french","OMN","Oman"
"french","PAK","le Pakistan"
"french","PAK","Pakistan"
"french","PAN","le Panama"
"french","PAN","Panama"
"french","PCN","Îles Pitcairn"
"french","PER","le Pérou"
"french","PER","Pérou"
"french","PHL","les Philippines"
"french","PHL","Philippines"
"french","PLW","Palau"
"french","PNG","la Papouasie-Nouvelle-Guinée"
"french","PNG","Papouasie-Nouvelle-Guinée"
"french","PNG","Papouasie Nouvelle Guinée"
"french","POL","la Pologne"
"french","POL","Pologne"
"french","PRI","Portugal"
"french","PRK","Corée (République populaire démocratique de)"
"french","PRK","Corée du Nord"
"french","PRK","la Corée du Nord"
"french","PRT","le Portugal"
"french","PRY","le Paraguay"
"french","PRY","Paraguay"
"french","PSE","Palestine (État de)"
"french","PYF","la Polynésie française"
"french","PYF","Polynésie française"
"french","QAT","le Qatar"
"french","QAT","Qatar"
"french","REU","Fédération de Russie"
"french","ROU","la Roumanie"
"french","ROU","Roumanie"
"french","RUS","Fédération Russe"
"french","RUS","la Russie"
"french","RUS","Russie"
"french","RWA","le Rwanda"
"french","RWA","Rwanda"
"french","SAU","Arabie saoudite"
"french","SAU","Arabie Saoudite"
"french","SAU","l'Arabie saoudite"
"french","SCG","Serbie et Monténégro"
"french","SDN","le Soudan"
"french","SDN","Soudan"
"french","SEN","le Sénégal"
"french","SEN","Sénégal"
"french","SGP","Singapour"
"french","SGS","Géorgie du Sud et îles Sandwich du Sud"
"french","SHN","Sainte-Hélène"
"french","SJM","Svalbard et Jan Mayen"
"french","SLB","Îles Salomon"
"french","SLB","les Îles Salomon"
"french","SLE","la Sierra Leone"
"french","SLE","Sierra Leone"
"french","SLV","le Salvador"
"french","SLV","Le Salvador"
"french","SLV","Salvador"
"french","SMR","Saint-Marin"
"french","SMR","Saint Marin"
"french","SOM","la Somalie"
"french","SOM","Somalie"
"french","SPM","Saint-Pierre-et-Miquelon"
"french","SRB","la Serbie"
"french","SRB","Serbie"
"french","SSD","Soudan du sud"
"french","STP","Sao Tomé et Principe"
"french","SUN","Union des Républiques socialistes soviétiques"
"french","SUR","le Surinam"
"french","SUR","Surinam"
"french","SUR","Suriname"
"french","SVK","la Slovaquie"
"french","SVK","Slovaquie"
"french","SVN","la Slovénie"
"french","SVN","Slovénie"
"french","SWE","la Suède"
"french","SWE","Suède"
"french","SWZ","Eswatini"
"french","SWZ","le Swaziland"
"french","SWZ","Swaziland"
"french","SXM","Sint Maarten (partie néerlandaise)"
"french","SYC","les Seychelles"
"french","SYC","Les Seychelles"
"french","SYC","Seychelles"
"french","SYR","la Syrie"
"french","SYR","République arabe syrienne"
"french","SYR","Syrie"
"french","TCA","Îles Turques-et-Caïques"
"french","TCD","le Tchad"
"french","TCD","Tchad"
"french","TGO","le Togo"
"french","TGO","Togo"
"french","THA","la Thaïlande"
"french","THA","Thaïlande"
"french","TJK","le Tadjikistan"
"french","TJK","Tadjikistan"
"french","TKL","Tokelau"
"french","TKM","le Turkménistan"
"french","TKM","Turkménistan"
"french","TLS","Timor-Leste"
"french","TON","les Tonga"
"french","TON","Tonga"
"french","TTO","la Trinité-et-Tobago"
"french","TTO","Trinité-et-Tobago"
"french","TUN","la Tunisie"
"french","TUN","Tunisie"
"french","TUR","la Turquie"
"french","TUR","Turquie"
"french","TUR","Türkiye"
"french","TUV","le Tuvalu"
"french","TUV","Tuvalu"
"french","TWN","Taïwan (Chine)"
"french","TZA","la Tanzanie"
"french","TZA","Tanzanie"
"french","UGA","l'Ouganda"
"french","UGA","Ouganda"
"french","UKR","l'Ukraine"
"french","UKR","Ukraine"
"french","UMI","Îles mineures éloignées des États-Unis"
"french","UNK","Kosovo (République du)"
"french","URY","l'Uruguay"
"french","URY","Uruguay"
"french","USA","États-Unis"
"french","USA","États Unis"
"french","USA","les États-Unis"
"french","UZB","l'Ouzbékistan"
"french","UZB","Ouzbékistan"
"french","VAT","le Vatican"
"french","VAT","Saint-Siège"
"french","VAT","Vatican"
"french","VCT","Saint-Vincent-et-les-Grenadines"
"french","VCT","Saint-Vincent-et-les Grenadines"
"french","VEN","le Venezuela"
"french","VEN","Venezuela"
"french","VEN","Venezuela (République bolivarienne du)"
"french","VGB","Îles Vierges britanniques"
"french","VIR","Îles Vierges (États-Unis)"
"french","VNM","le Viêt-Nam"
"french","VNM","Viêt-Nam"
"french","VNM","Viet Nam"
"french","VUT","le Vanuatu"
"french","VUT","Vanuatu"
"french","WLF","Îles Wallis et Futuna"
"french","WSM","les Samoa occidentales"
"french","WSM","Samoa"
"french","WSM","Samoa occidentales"
"french","YEM","le Yémen"
"french","YEM","Yémen"
"french","YUG","la Yougoslavie"
"french","YUG","Yougoslavie"
"french","ZAF","Afrique du Sud"
"french","ZAF","l'Afrique du Sud"
"french","ZMB","la Zambie"
"french","ZMB","Zambie"
"french","ZWE","le Zimbabwe"
"french","ZWE","Zimbabwe"
"german","ABW","Aruba"
"german","AFG","Afghanistan"
"german","AGO","Angola"
"german","AIA","Anguilla"
"german","ALA","Aland Inseln"
"german","ALB","Albanien"
"german","AND","Andorra"
"german","ANT","Niederländische Antillen"
"german","ARE","Vereinigte Arabische Emirate"
"german","ARG","Argentinien"
"german","ARM","Armenien"
"german","ASM","Amerikanischen Samoa-Inseln"
"german","ATA","Antarktis"
"german","ATF","Französische südliche und antarktische Länder"
"german","ATG","Antigua und Barbuda"
"german","AUS","Australien"
"german","AUT","Österreich"
"german","AZE","Aserbaidschan"
"german","BDI","Burundi"
"german","BEL","Belgien"
"german","BEN","Benin"
"german","BES","Bonaire, Sint Eustatius und Saba"
"german","BFA","Burkina Faso"
"german","BGD","Bangladesch"
"german","BGR","Bulgarien"
"german","BHR","Bahrain"
"german","BHS","Bahamas"
"german","BIH","Bosnien und Herzegowina"
"german","BLM","Saint Barthelemy"
"german","BLR","Belarus"
"german","BLZ","Belize"
"german","BMU","Bermuda"
"german","BOL","Bolivien (Plurinationaler Staat)"
"german","BRA","Brasilien"
"german","BRB","Barbados"
"german","BRN","Brunei Darussalam"
"german","BTN","Bhutan"
"german","BVT","Bouvet Insel"
"german","BWA","Botsuana"
"german","CAF","Zentralafrikanische Republik"
"german","CAN","Kanada"
"german","CCK","Kokosinseln (Keelinginseln)"
"german","CHE","Schweiz"
"german","CHL","Chile"
"german","CHN","China"
"german","CIV","Côte d’Ivoire"
"german","CMR","Kamerun"
"german","COD","Demokratische Republik Kongo"
"german","COG","Kongo"
"german","COK","Cookinseln"
"german","COL","Kolumbien"
"german","COM","Komoren"
"german","CPV","Cabo Verde"
"german","CRI","Costa Rica"
"german","CSK","Tschechoslowakei"
"german","CUB","Kuba"
"german","CUW","Curacao"
"german","CXR","Weihnachtsinsel"
"german","CYM","Cayman Inseln"
"german","CYP","Zypern"
"german","CZE","Tschechien"
"german","CZE","Tschechische Republik"
"german","DDR","Deutsche demokratische Republik"
"german","DEU","Deutschland"
"german","DJI","Dschibuti"
"german","DMA","Dominica"
"german","DNK","Dänemark"
"german","DNK","Dänemark"
"german","DOM","Dominikanische Republik"
"german","DZA","Algerien"
"german","ECU","Ecuador"
"german","EGY","Ägypten"
"german","EGY","Ägypten"
"german","ERI","Eritrea"
"german","ESH","Westsahara"
"german","ESP","Spanien"
"german","EST","Estland"
"german","ETH","Äthiopien"
"german","FIN","Finnland"
"german","FJI","Fidschi"
"german","FLK","Falkland Inseln (Malvinas)"
"german","FRA","Frankreich"
"german","FRO","Färöer Inseln"
"german","FSM","Mikronesien (Föderierte Staaten von)"
"german","GAB","Gabun"
"german","GBR","Großbritannien"
"german","GBR","Vereinigtes Königreich"
"german","GBR","Vereinigtes Königreich Großbritannien und Nordirland"
"german","GEO","Georgien"
"german","GGY","Guernsey"
"german","GHA","Ghana"
"german","GIB","Gibraltar"
"german","GIN","Guinea"
"german","GLP","Guadeloupe"
"german","GMB","Gambia"
"german","GNB","Guinea-Bissau"
"german","GNQ","Äquatorialguinea"
"german","GRC","Griechenland"
"german","GRD","Grenada"
"german","GRL","Grönland"
"german","GTM","Guatemala"
"german","GUF","Französisch-Guayana"
"german","GUM","Guam"
"german","GUY","Guyana"
"german","HKG","Sonderverwaltungszone Hongkong (China)"
"german","HMD","Heard und McDonald Inseln"
"german","HND","Honduras"
"german","HRV","Kroatien"
"german","HTI","Haiti"
"german","HUN","Ungarn"
"german","IDN","Indonesien"
"german","IMN","Isle of Man"
"german","IND","Indien"
"german","IOT","Britisches Territorium des Indischen Ozeans"
"german","IRL","Irland"
"german","IRN","Iran (Islamische Republik)"
"german","IRQ","Irak"
"german","ISL","Island"
"german","ISR","Israel"
"german","ITA","Italien"
"german","JAM","Jamaika"
"german","JEY","Jersey"
"german","JOR","Jordanien"
"german","JPN","Japan"
"german","KAZ","Kasachstan"
"german","KEN","Kenia"
"german","KGZ","Kirgisistan"
"german","KHM","Kambodscha"
"german","KIR","Kiribati"
"german","KNA","St. Kitts and Nevis"
"german","KOR","Republik Korea"
"german","KWT","Kuwait"
"german","LAO","Demokratische Volksrepublik Laos"
"german","LBN","Libanon"
"german","LBR","Liberia"
"german","LBY","Libyen"
"german","LCA","St. Lucia"
"german","LIE","Liechtenstein"
"german","LKA","Sri Lanka"
"german","LSO","Lesotho"
"german","LTU","Litauen"
"german","LUX","Luxemburg"
"german","LVA","Lettland"
"german","MAC","Sonderverwaltungszone Macao (China)"
"german","MAF","Saint Martin (französischer Teil)"
"german","MAR","Marokko"
"german","MCO","Monaco"
"german","MDA","Republik Moldau"
"german","MDG","Madagaskar"
"german","MDV","Malediven"
"german","MEX","Mexiko"
"german","MHL","Marshallinseln"
"german","MKD","Nordmazedonien"
"german","MLI","Mali"
"german","MLT","Malta"
"german","MMR","Myanmar"
"german","MNE","Montenegro"
"german","MNG","Mongolei"
"german","MNP","Nördliche Marianneninseln"
"german","MOZ","Mosambik"
"german","MRT","Mauretanien"
"german","MSR","Montserrat"
"german","MTQ","Martinique"
"german","MUS","Mauritius"
"german","MWI","Malawi"
"german","MYS","Malaysia"
"german","MYT","Mayotte"
"german","NAM","Namibia"
"german","NCL","Neu-Kaledonien"
"german","NER","Niger"
"german","NFK","Norfolkinsel"
"german","NGA","Nigeria"
"german","NIC","Nicaragua"
"german","NIU","Niue"
"german","NLD","Niederlande"
"german","NOR","Norwegen"
"german","NPL","Nepal"
"german","NRU","Nauru"
"german","NZL","Neuseeland"
"german","OMN","Oman"
"german","PAK","Pakistan"
"german","PAN","Panama"
"german","PCN","Pitcairn Insel"
"german","PER","Peru"
"german","PHL","Philippinen"
"german","PLW","Palau"
"german","PNG","Papua-Neuguinea"
"german","POL","Polen"
"german","PRI","Puerto Rico"
"german","PRK","Demokratische Volksrepublik Korea"
"german","PRT","Portugal"
"german","PRY","Paraguay"
"german","PSE","Palästina (Staat)"
"german","PYF","Französisch Polynesien"
"german","QAT","Katar"
"german","REU","Reunión"
"german","ROU","Rumänien"
"german","ROU","Rumänien"
"german","ROU","Simbabwe"
"german","RUS","Russische Föderation"
"german","RUS","Russische Föderation"
"german","RWA","Ruanda"
"german","SAU","Saudi-Arabien"
"german","SCG","Serbien und Montenegro"
"german","SDN","Sudan"
"german","SEN","Senegal"
"german","SGP","Singapur"
"german","SGS","Süd-Georgien und die südlichen Sandwich-Inseln"
"german","SHN","Saint Helena"
"german","SJM","Svalbard und Jan Mayen"
"german","SLB","Salomonen"
"german","SLE","Sierra Leone"
"german","SLV","El Salvador"
"german","SMR","San Marino"
"german","SOM","Somalia"
"german","SPM","Saint Pierre und Miquelon"
"german","SRB","Serbien"
"german","SSD","Südsudan"
"german","STP","São Tomé und Principe"
"german","SUN","Union der Sozialistischen Sowjetrepubliken"
"german","SUR","Suriname"
"german","SVG","St. Vincent und die Grenadinen"
"german","SVK","Slowakei"
"german","SVN","Slowenien"
"german","SWE","Schweden"
"german","SWZ","Eswatini"
"german","SXM","Sint Maarten (niederländischer Teil)"
"german","SYC","Seychellen"
"german","SYR","Syrien (Arabische Republik)"
"german","TCA","Turks- und Caicosinseln"
"german","TCD","Tschad"
"german","TGO","Togo"
"german","THA","Thailand"
"german","TJK","Tadschikistan"
"german","TKL","Tokelau"
"german","TKM","Turkmenistan"
"german","TLS","Timor-Leste"
"german","TON","Tonga"
"german","TTO","Trinidad und Tobago"
"german","TUN","Tunesien"
"german","TUR","Türkei"
"german","TUR","Türkiye"
"german","TUV","Tuvalu"
"german","TWN","Taiwan (China)"
"german","TZA","Tansania (Vereinigte Republik)"
"german","TZA","Vereinigte Republik Tansania"
"german","UGA","Uganda"
"german","UKR","Ukraine"
"german","UMI","Kleinere abgelegene Inseln der Vereinigten Staaten"
"german","UNK","Kosovo (Republik)"
"german","URY","Uruguay"
"german","USA","Vereinigte Staaten"
"german","UZB","Usbekistan"
"german","VAT","Heiliger Stuhl"
"german","VEN","Venezuela (Bolivarische Republik)"
"german","VGB","Jungferninseln (UK)"
"german","VIR","Jungferninseln (USA)"
"german","VNM","Vietnam"
"german","VUT","Vanuatu"
"german","WLF","Wallis und Futuna Inseln"
"german","WSM","Samoa"
"german","YEM","Jemen"
"german","YUG","Jugoslawien"
"german","ZAF","Südafrika"
"german","ZMB","Sambia"
"spanish","ABW","Aruba"
"spanish","AFG","Afganistán"
"spanish","AGO","Angola"
"spanish","AIA","Anguila"
"spanish","AIA","Anguila Británica"
"spanish","ALA","Islas Aland"
"spanish","ALA","Islas Åland"
"spanish","ALB","Albania"
"spanish","AND","Andorra"
"spanish","ANT","Antillas Holandesas"
"spanish","ARE","Emiratos Árabes Unidos"
"spanish","ARG","Argentina"
"spanish","ARM","Armenia"
"spanish","ASM","Samoa Americana"
"spanish","ATA","Antártida"
"spanish","ATF","Tierras australes y antárticas francesas"
"spanish","ATG","Antigua y Barbuda"
"spanish","AUS","Australia"
"spanish","AUT","Austria"
"spanish","AZE","Aserbaijan"
"spanish","AZE","Azerbaiyán"
"spanish","BDI","Burundi"
"spanish","BEL","Belgica"
"spanish","BEL","Bélgica"
"spanish","BEN","Benin"
"spanish","BEN","Benín"
"spanish","BES","Bonaire, San Eustaquio y Saba"
"spanish","BFA","Burkina Faso"
"spanish","BGD","Bangladés"
"spanish","BGD","Bangladesh"
"spanish","BGR","Bulgaria"
"spanish","BHR","Bahrein"
"spanish","BHR","Baréin"
"spanish","BHS","Bahamas"
"spanish","BHS","Bahamas, Las"
"spanish","BIH","Bosnia-Herzegovina"
"spanish","BIH","Bosnia y Herzegovina"
"spanish","BLM","San Bartolomé"
"spanish","BLR","Belarus"
"spanish","BLR","Bielorrusia"
"spanish","BLZ","Belice"
"spanish","BMU","Bermudas"
"spanish","BMU","Islas Bermudas"
"spanish","BOL","Bolivia"
"spanish","BOL","Bolivia (Estado Plurinacional de)"
"spanish","BOL","Estado Plurinacional de Bolivia"
"spanish","BRA","Brasil"
"spanish","BRB","Barbados"
"spanish","BRN","Brunéi"
"spanish","BRN","Brunei Darussalam"
"spanish","BTN","Bután"
"spanish","BVT","Isla Bouvet"
"spanish","BWA","Botsuana"
"spanish","CAF","República Centroafricana"
"spanish","CAN","Canada"
"spanish","CAN","Canadá"
"spanish","CCK","Islas Cocos (Keeling)"
"spanish","CHE","Suiza"
"spanish","CHL","Chile"
"spanish","CHN","China"
"spanish","CHN","China, República Popular de"
"spanish","CHN","China, Rep. Pop: Territorio continental"
"spanish","CHN","China, República de Popular"
"spanish","CHN","China, Rep. Popular"
"spanish","CIV","Costa de Marfil"
"spanish","CMR","Camerún"
"spanish","COD","República Democrática del Congo"
"spanish","COG","Congo"
"spanish","COG","República del Congo"
"spanish","COK","Islas Cook"
"spanish","COL","Colombia"
"spanish","COM","Comoras"
"spanish","CPV","Cabo Verde"
"spanish","CRI","Costa Rica"
"spanish","CSK","Checoslovaquia"
"spanish","CUB","Cuba"
"spanish","CUW","Curacao"
"spanish","CUW","Curazao"
"spanish","CXR","Isla Navidad"
"spanish","CXR","Islas Navideñas"
"spanish","CYM","Islas Caimán"
"spanish","CYM","Islas Cayman"
"spanish","CYP","Chipre"
"spanish","CZE","Chequia"
"spanish","CZE","República Checa"
"spanish","CZE","República Federal Checa"
"spanish","DDR","Alemania del Este"
"spanish","DDR","República Democrática Alemana"
"spanish","DEU","Alemania"
"spanish","DJI","Djibouti"
"spanish","DJI","Yibuti"
"spanish","DMA","Dominica"
"spanish","DNK","Dinamarca"
"spanish","DOM","Republica Dominicana"
"spanish","DOM","República Dominicana"
"spanish","DZA","Argelia"
"spanish","ECU","Ecuador"
"spanish","EGY","Egipto"
"spanish","ERI","Eritrea"
"spanish","ESH","Sahara Occidental"
"spanish","ESH","Sáhara Occidental"
"spanish","ESP","España"
"spanish","EST","Estonia"
"spanish","ETH","Etiopía"
"spanish","FIN","Finlandia"
"spanish","FJI","Fiyi"
"spanish","FLK","Islas Malvinas"
"spanish","FLK","Islas Malvinas (Falkland Islands)"
"spanish","FRA","Francia"
"spanish","FRO","Islas Feroe"
"spanish","FRO","Isla Feroe"
"spanish","FSM","Estados Federados de Micronesia"
"spanish","FSM","Micronesia"
"spanish","FSM","Micronesia (Estados Federados de)"
"spanish","GAB","Gabón"
"spanish","GBR","Inglaterra"
"spanish","GBR","Reino Unido"
"spanish","GEO","Georgia"
"spanish","GGY","Guernsey"
"spanish","GHA","Ghana"
"spanish","GIB","Gibraltar"
"spanish","GIN","Guinea"
"spanish","GLP","Guadalupe"
"spanish","GMB","Gambia"
"spanish","GNB","Guinea-Bisáu"
"spanish","GNB","Guinea-Bissau"
"spanish","GNQ","Guinea Ecuatorial"
"spanish","GRC","Grecia"
"spanish","GRD","Granada"
"spanish","GRL","Groenlandia"
"spanish","GTM","Guatemala"
"spanish","GUF","Guayana Francesa"
"spanish","GUM","Guam"
"spanish","GUM","Guam (EE. UU.)"
"spanish","GUY","Guyana"
"spanish","HKG","China, Hong Kong RAE de"
"spanish","HKG","Hong Kong"
"spanish","HKG","Hong Kong (China)"
"spanish","HKG","RAE de Hong Kong (China)"
"spanish","HKG","China, Rep. Pop: Hong Kong"
"spanish","HMD","Islas Heard y McDonald"
"spanish","HND","Honduras"
"spanish","HRV","Croacia"
"spanish","HTI","Haití"
"spanish","HUN","Hungría"
"spanish","IDN","Indonesia"
"spanish","IMN","Isla de Man"
"spanish","IMN","Isla del hombre"
"spanish","IND","India"
"spanish","IOT","Territorio Británico del Océano Índico"
"spanish","IRL","Irlanda"
"spanish","IRL","Ireland"
"spanish","IRL","Irlanda (Eire)"
"spanish","IRN","Irán"
"spanish","IRN","Irán (República Islámica de)"
"spanish","IRQ","Irak"
"spanish","IRQ","Iraq"
"spanish","ISL","Islandia"
"spanish","ISR","Israel"
"spanish","ITA","Italia"
"spanish","JAM","Jamaica"
"spanish","JEY","Jersey"
"spanish","JOR","Jordán"
"spanish","JOR","Jordania"
"spanish","JPN","Japon"
"spanish","JPN","Japón"
"spanish","KAZ","Kazajistán"
"spanish","KAZ","Kazajstán"
"spanish","KEN","Kenia"
"spanish","KGZ","Kirguistán"
"spanish","KHM","Camboya"
"spanish","KIR","Kiribati"
"spanish","KNA","Saint Kitts y Nevis"
"spanish","KNA","San Cristóbal y Nieves"
"spanish","KOR","Corea (República de)"
"spanish","KOR","Corea del Sur"
"spanish","KOR","Corea, República de"
"spanish","KOR","Republica de Corea"
"spanish","KOR","República de Corea"
"spanish","KOR","Corea, República de (Corea del Sur)"
"spanish","KWT","Kuwait"
"spanish","LAO","Lao (República Democrática Popular)"
"spanish","LAO","Laos"
"spanish","LBN","Líbano"
"spanish","LBR","Liberia"
"spanish","LBY","Libia"
"spanish","LCA","Santa Lucía"
"spanish","LIE","Liechtenstein"
"spanish","LKA","Sri Lanka"
"spanish","LSO","Lesoto"
"spanish","LTU","Lituania"
"spanish","LUX","Luxemburgo"
"spanish","LVA","Letonia"
"spanish","MAC","Macao"
"spanish","MAC","Macao (China)"
"spanish","MAC","RAE de Macao (China)"
"spanish","MAF","San Martín (parte francesa)"
"spanish","MAR","Marruecos"
"spanish","MCO","Mónaco"
"spanish","MDA","Moldavia"
"spanish","MDA","Moldova"
"spanish","MDG","Madagascar"
"spanish","MDV","Maldivas"
"spanish","MEX","Mexico"
"spanish","MEX","México"
"spanish","MHL","Islas Marshall"
"spanish","MKD","Macedonia del Norte"
"spanish","MKD","República de Macedonia"
"spanish","MLI","Mali"
"spanish","MLI","Malí"
"spanish","MLT","Malta"
"spanish","MMR","Birmania"
"spanish","MMR","Myanmar"
"spanish","MNE","Montenegro"
"spanish","MNG","Mongolia"
"spanish","MNP","Islas Marianas del Norte"
"spanish","MOZ","Mozambique"
"spanish","MRT","Mauritania"
"spanish","MSR","Montserrat"
"spanish","MTQ","Martinica"
"spanish","MUS","Mauricio"
"spanish","MWI","Malaui"
"spanish","MWI","Malawi"
"spanish","MYS","Malasia"
"spanish","MYT","Mayotte"
"spanish","NAM","Namibia"
"spanish","NCL","Nueva Caledonia"
"spanish","NER","Níger"
"spanish","NFK","Isla Norfolk"
"spanish","NGA","Nigeria"
"spanish","NIC","Nicaragua"
"spanish","NIU","Niue"
"spanish","NLD","Holanda"
"spanish","NLD","Países Bajos"
"spanish","NLD","Países Bajos (Holanda)"
"spanish","NLD","Holanda (Países Bajos)"
"spanish","NOR","Noruega"
"spanish","NPL","Nepal"
"spanish","NRU","Nauru"
"spanish","NZL","Nueva Zelanda"
"spanish","NZL","Nueva Zelandia"
"spanish","OMN","Omán"
"spanish","PAK","Pakistán"
"spanish","PAN","Panama"
"spanish","PAN","Panamá"
"spanish","PCN","Islas Pitcairn"
"spanish","PER","Peru"
"spanish","PER","Perú"
"spanish","PHL","Filipinas"
"spanish","PLW","Palaos"
"spanish","PLW","Palau"
"spanish","PNG","Papúa Nueva Guinea"
"spanish","POL","Polonia"
"spanish","PRI","Puerto Rico"
"spanish","PRI","Puerto Rico (EE. UU.)"
"spanish","PRK","Corea (República Popular Democrática de)"
"spanish","PRK","Corea del Norte"
"spanish","PRT","Portugal"
"spanish","PRY","Paraguay"
"spanish","PSE","Cisjordania y Gaza"
"spanish","PSE","Palestina"
"spanish","PSE","Palestina (Estado de)"
"spanish","PYF","Polinesia francés"
"spanish","PYF","Polinesia Francesa"
"spanish","QAT","Catar"
"spanish","QAT","Katar"
"spanish","QAT","Qatar"
"spanish","REU","Reunión"
"spanish","ROU","Rumania"
"spanish","RUS","Federación de Rusia"
"spanish","RUS","Rusia"
"spanish","RWA","Ruanda"
"spanish","RWA","Rwanda"
"spanish","SAU","Arabia Saudita"
"spanish","SAU","Saudita"
"spanish","SCG","Serbia y Montenegro"
"spanish","SDN","Sudán"
"spanish","SEN","Senegal"
"spanish","SGP","Singapore"
"spanish","SGP","Singapur"
"spanish","SGS","Georgia del sur y las islas Sandwich del sur"
"spanish","SGS","Islas Georgia del Sur y Sandwich del Sur"
"spanish","SHN","Santa Elena"
"spanish","SHN","Santa helena"
"spanish","SJM","Svalbard y Jan Mayen"
"spanish","SLB","Islas Salomón"
"spanish","SLE","Sierra Leona"
"spanish","SLV","El Salvador"
"spanish","SMR","San Marino"
"spanish","SOM","Somalia"
"spanish","SPM","San Pedro y Miquelón"
"spanish","SRB","Serbia"
"spanish","SSD","Sudán del Sur"
"spanish","STP","Santo Tomé y Príncipe"
"spanish","STP","Sao Tomé y Príncipe"
"spanish","SUN","Unión de Repúblicas Socialistas Soviéticas"
"spanish","SUR","Surinam"
"spanish","SUR","Suriname"
"spanish","SVK","Eslovaquia"
"spanish","SVN","Eslovenia"
"spanish","SWE","Suecia"
"spanish","SWZ","Eswatini"
"spanish","SWZ","Suazilandia"
"spanish","SXM","Sint Maarten (parte holandesa)"
"spanish","SYC","Seychelles"
"spanish","SYR","República Árabe Siria"
"spanish","SYR","Siria"
"spanish","TCA","Islas Turcas y Caicos"
"spanish","TCD","Chad"
"spanish","TGO","Togo"
"spanish","THA","Tailandia"
"spanish","TJK","Tayikistán"
"spanish","TKL","Tokelau"
"spanish","TKM","Turkmenistán"
"spanish","TLS","Timor-Leste"
"spanish","TLS","Timor Oriental"
"spanish","TON","Tonga"
"spanish","TTO","Trinidad y Tobago"
"spanish","TUN","Túnez"
"spanish","TUR","Turquía"
"spanish","TUR","Türkiye"
"spanish","TUV","Tuvalu"
"spanish","TWN","República de China"
"spanish","TWN","Taiwán"
"spanish","TWN","Taiwán (China)"
"spanish","TWN","República de China (Taiwan)"
"spanish","TZA","Tanzania"
"spanish","UGA","Uganda"
"spanish","UKR","Ucrania"
"spanish","UMI","Islas periféricas menores de EE. UU."
"spanish","UMI","Islas ultramarinas de Estados Unidos"
"spanish","UNK","Kosovo"
"spanish","UNK","Kosovo (República de)"
"spanish","URY","Uruguay"
"spanish","USA","Estados Unidos"
"spanish","USA","Estados Unidos de America"
"spanish","UZB","Uzbekistán"
"spanish","VAT","Santa Sede"
"spanish","VCT","San Vicente y las Granadinas"
"spanish","VEN","R.B. de Venezuela"
"spanish","VEN","Venezuela"
"spanish","VEN","Venezuela (República Bolivariana de)"
"spanish","VGB","Islas Virgenes Britanicas"
"spanish","VGB","Islas Vírgenes Británicas"
"spanish","VIR","Islas Vígenes EEUU"
"spanish","VIR","Islas Vírgenes (EE. UU.)"
"spanish","VIR","Islas Vírgenes (Norteamericanas)"
"spanish","VIR","Islas Virgenes de Estados Unidos"
"spanish","VNM","Viet Nam"
"spanish","VNM","Vietnam"
"spanish","VUT","Vanuatu"
"spanish","WLF","Islas Wallis y Futuna"
"spanish","WSM","Samoa"
"spanish","YEM","Yemen"
"spanish","YUG","Yugoslavia"
"spanish","ZAF","Sudáfrica"
"spanish","ZMB","Zambia"
"spanish","ZWE","Zimbabue"
"spanish","ZWE","Zimbabwe"
